<?xml version="1.0" encoding="UTF-8" ?>
<!DOCTYPE mapper PUBLIC "-//mybatis.org//DTD Mapper 3.0//EN"
    "http://mybatis.org/dtd/mybatis-3-mapper.dtd">
<mapper namespace="mapper.PlaylistMapper">

	 <resultMap type="Playlist" id="playlistMap">
		<id column="pl_code" property="plCode"/>
		<result column="pl_title" property="plTitle"/>
		<result column="pl_img" property="plImg"/>
		<result column="pl_date" property="plDate"/>
		<result column="pl_public_yn" property="plPublicYn"/>
		<association property="user" javaType="User">
			<id column="user_email" property="userEmail"/>
			<result column="user_password" property="userPassword"/>
			<result column="user_nickname" property="userNickname"/>
			<result column="user_img" property="userImg"/>
			<result column="user_date" property="userDate"/>
			<result column="user_ent_yn" property="userEntYn"/>
			<result column="user_spotify_yn" property="userSpotifyYn"/>
			<result column="user_gender" property="userGender"/>
			<result column="user_birth" property="userBirth"/>
			<result column="user_manager" property="userManager"/>
			<result column="user_enroll_date" property="userEnrollDate"/>
			<result column="user_phone" property="userPhone"/>
		</association>
	</resultMap>
	
	<!-- 전체플리 조회 -->
	<select id="allPlaylist" resultMap="playlistMap">
		SELECT * FROM playlist
		JOIN user USING (user_email)
		WHERE pl_public_yn = 'Y'
	</select>
	
	<!-- 플레이리스트 생성 -->
	<insert id="createPlaylist" parameterType="CreatePlaylistDTO">
        INSERT INTO playlist(pl_title, user_email)
		VALUES (#{plTitle}, #{userEmail})
    </insert>
	
	<!-- user 탈퇴 시 playlist 정보 넘기기 -->
	<update id="movePlaylist" parameterType="String">
		UPDATE playlist
		SET user_email = 'playlist@vibemaster.com'
		WHERE user_email = #{userEmail}
	</update>

	<!-- 
	<insert id="addPlaylist" parameterType="Playlist">	
		INSERT INTO playlist (pl_title, pl_img, pl_date, pl_public_yn, user_email)
		VALUES (#{plTitle}, #{plImg}, #{plDate}, #{plPublicYn}, #{userEmail})
	</insert>
	-->
	
	<!-- 내가 만든 플레이리스트 조회 -->
	<select id="allPlaylist" resultType="com.master.vibe.vo.Playlist"> <!--  -->
	    SELECT * FROM playlist
	</select>
	
	<insert id="createPlaylist" parameterType="com.master.vibe.model.dto.CreatePlaylistDTO">
	    INSERT INTO playlist (pl.title, pl_img, pl_date, pl_public_yn, user_email)
	    VALUES (#{plTitl}, #{plImg}, #{plDate}, #{plPublicYn}, #{userEmail})
	</insert>
</mapper>


















