<!DOCTYPE mapper PUBLIC "-//mybatis.org//DTD Mapper 3.0//EN" "http://mybatis.org/dtd/mybatis-3-mapper.dtd">
<mapper namespace="mapper.UserMapper">

	<resultMap type="User" id="userMap">
		<id column="user_email" property="userEmail"/>
		<result column="user_password" property="userPassword"/>
		<result column="user_nickname" property="userNickname"/>
		<result column="user_img" property="userImg"/>
		<result column="user_date" property="userDate"/>
		<result column="user_ent_yn" property="userEntYn"/>
		<result column="user_spotify_yn" property="userSpotifyYn"/>
		<result column="user_gender" property="userGender"/>
		<result column="user_birth" property="userBirth"/>
		<result column="user_manager" property="userManager"/>
		<result column="user_enroll_date" property="userEnrollDate"/>
		<result column="user_phone" property="userPhone"/>
	</resultMap>

	<!-- 회원가입 -->
	<insert id="register" parameterType="User">
		INSERT INTO user(user_email, user_password, user_nickname, user_gender, user_birth, user_phone)
		VALUES(#{userEmail}, #{userPassword}, #{userNickname}, #{userGender}, #{userBirth}, #{userPhone})
	</insert>
	<!-- 로그인 -->
	<select id="login" parameterType="User" resultMap="userMap">
		SELECT * FROM user
		WHERE user_email = #{userEmail} AND user_password = #{userPassword}
	</select>

	<!-- 회원탈퇴 -->
	<update id="deleteUser" parameterType="String">
		UPDATE user
		SET user_ent_yn = 'Y',
			user_enroll_date = current_date()
		WHERE user_email = #{userEmail}
	</update>
	
	<!-- 남은 재가입 날짜 조회 -->
	<select id="rejoinDate" parameterType="String" resultType="String">
		SELECT ADDDATE(user_enroll_date, 7) - current_date()
		FROM user
		WHERE user_email = #{user_email}
	</select>
</mapper>